Boston Public Schools,"Adams, Samuel Elementary",165 Webster St.,East Boston,MA,02128,Kindergarten 1,Kindergarten 2,Grade 1,Grade 2,Grade 3,Grade 4,Grade 5
Boston Public Schools,"Alighieri, Dante Montessori School",37 Gove Street,East Boston,MA,02128,Kindergarten 0,Kindergarten 1,Kindergarten 2,Grade 1,Grade 2,Grade 3,Grade 4,Grade 5
Boston Public Schools,Another Course to College,20 Warren St.,Brighton,MA,02135,Grade 9,Grade 10,Grade 11,Grade 12
Boston Public Schools,Baldwin Early Learning Pilot Academy,121 Corey Rd.,Brighton,MA,02135,Kindergarten 0,Kindergarten 1,Kindergarten 2,Grade 1
Boston Public Schools,"Bates, Phineas Elementary",426 Beech St.,Roslindale,MA,02131,Kindergarten 1,Kindergarten 2,Grade 1,Grade 2,Grade 3,Grade 4,Grade 5
Boston Public Schools,"Beethoven, Ludwig van Elementary",5125 Washington St.,West Roxbury,MA,02132,Kindergarten 1,Kindergarten 2,Grade 1,Grade 2
Boston Public Schools,"Blackstone, William Elementary",380 Shawmut Ave.,Boston,MA,02118,Kindergarten 0,Kindergarten 1,Kindergarten 2,Grade 1,Grade 2,Grade 3,Grade 4,Grade 5
Boston Public Schools,Boston Adult Technical Academy,20 Church St.,Boston,MA,02116,Grade 9,Grade 10,Grade 11,Grade 12
Boston Public Schools,Boston Arts Academy,174 Ipswich St.,Boston,MA,02215,Grade 9,Grade 10,Grade 11,Grade 12
Boston Public Schools,Boston Community Leadership Academy,655 Metropolitan Ave.,Hyde Park,MA,02136,Grade 9,Grade 10,Grade 11,Grade 12
Boston Public Schools,Boston Day & Evening Academy,20 Kearsarge Ave.,Roxbury,MA,02119,Grade 9,Grade 10,Grade 11,Grade 12
Boston Public Schools,Boston Green Academy,20 Warren St.,Brighton,MA,02135,Grade 6,Grade 7,Grade 9,Grade 10,Grade 11,Grade 12
Boston Public Schools,Boston International School,100 Maxwell St.,Dorchester,MA,02124,Grade 9,Grade 10,Grade 11,Grade 12
Boston Public Schools,Boston Latin Academy,205 Townsend St.,Dorchester,MA,02121,Grade 7,Grade 8,Grade 9,Grade 10,Grade 11,Grade 12
Boston Public Schools,Boston Latin School,78 Ave. Louis Pasteur,Boston,MA,02115,Grade 7,Grade 8,Grade 9,Grade 10,Grade 11,Grade 12
Boston Public Schools,Boston Teachers Union K-8 School,25 Walk Hill St.,Jamaica Plain,MA,02130,Kindergarten 1,Kindergarten 2,Grade 1,Grade 2,Grade 3,Grade 4,Grade 5,Grade 6,Grade 7,Grade 8
Boston Public Schools,"Bradley, Manassah E. Elementary",110 Beachview Rd.,East Boston,MA,02128,Kindergarten 0,Kindergarten 1,Kindergarten 2,Grade 1,Grade 2,Grade 3,Grade 4,Grade 5
Boston Public Schools,Brighton High,25 Warren St.,Brighton,MA,02135,Grade 9,Grade 10,Grade 11,Grade 12
Boston Public Schools,"Burke, Jeremiah E. High School",60 Washington St.,Dorchester,MA,02121,Grade 9,Grade 10,Grade 11,Grade 12
Boston Public Schools,Carter Development Center,396 Northampton St.,Boston,MA,02118,Grade 6,Grade 7,Grade 8,Grade 9,Grade 10,Grade 11,Grade 12
Boston Public Schools,"Channing, William E. Elementary",35 Sunnyside St.,Hyde Park,MA,02136,Kindergarten 1,Kindergarten 2,Grade 1,Grade 2,Grade 3,Grade 4,Grade 5
Boston Public Schools,Charlestown High School,240 Medford St.,Charlestown,MA,02129,Grade 9,Grade 10,Grade 11,Grade 12
Boston Public Schools,"Chittick, James J. Elementary",154 Ruskindale Rd.,Mattapan,MA,02126,Kindergarten 1,Kindergarten 2,Grade 1,Grade 2,Grade 3,Grade 4,Grade 5
Boston Public Schools,Clap Innovation School,35 Harvest St.,Dorchester,MA,02125,Kindergarten 1,Kindergarten 2,Grade 1,Grade 2,Grade 3,Grade 4,Grade 5
Boston Public Schools,Community Academy,25 Glen Rd.,Jamaica Plain,MA,02130,Grade 9,Grade 10,Grade 11,Grade 12
Boston Public Schools,Community Academy of Science & Health,11 Charles St.,Dorchester,MA,02122,Grade 9,Grade 10,Grade 11,Grade 12
Boston Public Schools,"Condon, James F. Elementary",200 D St.,South Boston,MA,02127,Kindergarten 1,Kindergarten 2,Grade 1,Grade 2,Grade 3,Grade 4,Grade 5,Grade 6
Boston Public Schools,"Conley, George H. Elementary",450 Poplar St.,Roslindale,MA,02131,Kindergarten 1,Kindergarten 2,Grade 1,Grade 2,Grade 3,Grade 4,Grade 5
Boston Public Schools,Curley K-8,40 Pershing Rd.,Jamaica Plain,MA,02130,Kindergarten 1,Kindergarten 2,Grade 1,Grade 2,Grade 3,Grade 4,Grade 5,Grade 6,Grade 7,Grade 8
Boston Public Schools,"Dearborn, Henry STEM Academy",60 Geneva Ave.,Dorchester,MA,02121,Grade 6,Grade 7,Grade 8,Grade 9,Grade 10,Grade 11
Boston Public Schools,"Dever, Paul A. Elementary",325 Mt. Vernon St.,Dorchester,MA,02125,Kindergarten 1,Kindergarten 2,Grade 1,Grade 2,Grade 3,Grade 4,Grade 5
Boston Public Schools,Dorchester Academy,11 Charles St.,Dorchester,MA,02122,Grade 9,Grade 10,Grade 11,Grade 12
Boston Public Schools,Dudley Street Neighborhood Charter School,6 Shirley St.,Roxbury,MA,02119,Kindergarten 1,Kindergarten 2,Grade 1,Grade 2,Grade 3,Grade 4
Boston Public Schools,East Boston Early Education Center,135 Gove St.,East Boston,MA,02128,Kindergarten 0,Kindergarten 1,Kindergarten 2,Grade 1
Boston Public Schools,East Boston High School,86 White St.,East Boston,MA,02128,Grade 9,Grade 10,Grade 11,Grade 12
Boston Public Schools,"Edison, Thomas A. K-8",60 Glenmont Rd.,Brighton,MA,02135,Kindergarten 0,Kindergarten 1,Kindergarten 2,Grade 1,Grade 2,Grade 3,Grade 4,Grade 5,Grade 6,Grade 7,Grade 8
Boston Public Schools,"Edwards, Clarence R. Middle",28 Walker St.,Charlestown,MA,02129,Grade 6,Grade 7,Grade 8
Boston Public Schools,"Eliot, John K-8",16 Charter St.,Boston,MA,02113,Kindergarten 1,Kindergarten 2,Grade 1,Grade 2,Grade 3,Grade 4,Grade 5,Grade 6,Grade 7,Grade 8
Boston Public Schools,"Ellis, Davis A. Elementary",302 Walnut Ave.,Roxbury,MA,02119,Kindergarten 1,Kindergarten 2,Grade 1,Grade 2,Grade 3,Grade 4,Grade 5
Boston Public Schools,Ellison/Parks Early Education School,108 Babson St.,Mattapan,MA,02126,Kindergarten 0,Kindergarten 1,Kindergarten 2,Grade 1,Grade 2,Grade 3
Boston Public Schools,English High School,144 McBride St.,Jamaica Plain,MA,02130,Grade 9,Grade 10,Grade 11,Grade 12
Boston Public Schools,"Everett, Edward Elementary",71 Pleasant St.,Dorchester,MA,02125,Kindergarten 1,Kindergarten 2,Grade 1,Grade 2,Grade 3,Grade 4,Grade 5
Boston Public Schools,Excel High School,95 G St.,South Boston,MA,02127,Grade 9,Grade 10,Grade 11,Grade 12
Boston Public Schools,Fenway High School,67 Alleghany St.,Roxbury,MA,02120,Grade 9,Grade 10,Grade 11,Grade 12
Boston Public Schools,"Frederick, Lilla G. Middle",270 Columbia Rd.,Dorchester,MA,02121,Grade 6,Grade 7,Grade 8
Boston Public Schools,Gardner Pilot Academy,30 Athol St.,Allston,MA,02134,Kindergarten 1,Kindergarten 2,Grade 1,Grade 2,Grade 3,Grade 4,Grade 5,Grade 6,Grade 7,Grade 8
Boston Public Schools,Greater Egleston High School,80 School St.,Roxbury,MA,02119,Grade 10,Grade 11,Grade 12
Boston Public Schools,"Greenwood, Sarah K-8",189 Glenway St.,Dorchester,MA,02121,Kindergarten 0,Kindergarten 1,Kindergarten 2,Grade 1,Grade 2,Grade 3,Grade 4,Grade 5,Grade 6,Grade 7,Grade 8
Boston Public Schools,"Grew, Henry Elementary",40 Gordon Ave.,Hyde Park,MA,02136,Kindergarten 2,Grade 1,Grade 2,Grade 3,Grade 4,Grade 5
Boston Public Schools,"Guild, Curtis Elementary",195 Leyden St.,East Boston,MA,02128,Kindergarten 1,Kindergarten 2,Grade 1,Grade 2,Grade 3,Grade 4,Grade 5
Boston Public Schools,"Hale, Nathan Elementary",51 Cedar St.,Roxbury,MA,02119,Kindergarten 1,Kindergarten 2,Grade 1,Grade 2,Grade 3,Grade 4,Grade 5
Boston Public Schools,"Haley, Dennis K-8",570 American Legion Hwy.,Roslindale,MA,02131,Kindergarten 1,Kindergarten 2,Grade 1,Grade 2,Grade 3,Grade 4,Grade 5,Grade 6,Grade 7,Grade 8
Boston Public Schools,Harvard/Kent Elementary,50 Bunker Hill St.,Charlestown,MA,02129,Kindergarten 0,Kindergarten 1,Kindergarten 2,Grade 1,Grade 2,Grade 3,Grade 4,Grade 5
Boston Public Schools,Haynes Early Education Center,263 Blue Hill Ave.,Roxbury,MA,02119,Kindergarten 0,Kindergarten 1,Kindergarten 2,Grade 1
Boston Public Schools,"Henderson, Dr. William W. K-12 Inclusion Lower School",1669 Dorchester Ave.,Dorchester,MA,02124,Kindergarten 0,Kindergarten 1,Kindergarten 2,Grade 1,Grade 2,Grade 3,Grade 4
Boston Public Schools,"Henderson, Dr. William W. K-12 Inclusion Upper School",18 Croftland Ave.,Dorchester,MA,02124,Grade 5,Grade 6,Grade 7,Grade 8,Grade 9,Grade 10,Grade 11,Grade 12
Boston Public Schools,"Hennigan, James W. K-8",200 Heath St.,Jamaica Plain,MA,02130,Kindergarten 2,Grade 1,Grade 2,Grade 3,Grade 4,Grade 5,Grade 6,Grade 7
Boston Public Schools,"Hernandez, Rafael K-8",61 School St.,Roxbury,MA,02119,Kindergarten 1,Kindergarten 2,Grade 1,Grade 2,Grade 3,Grade 4,Grade 5,Grade 6,Grade 7,Grade 8
Boston Public Schools,Higginson Elementary,160 Harrishof St.,Roxbury,MA,02119,Kindergarten 0,Kindergarten 1,Kindergarten 2,Grade 1,Grade 2
Boston Public Schools,Higginson/Lewis K-8,131 Walnut Ave.,Roxbury,MA,02119,Kindergarten 0,Kindergarten 1,Kindergarten 2,Grade 1,Grade 2,Grade 3,Grade 4,Grade 5,Grade 6,Grade 7,Grade 8
Boston Public Schools,"Holmes, Oliver Wendell Elementary",40 School St.,Dorchester,MA,02124,Kindergarten 1,Kindergarten 2,Grade 1,Grade 2,Grade 3,Grade 4,Grade 5
Boston Public Schools,Horace Mann School for the Deaf and Hard of Hearing,40 Armington St.,Allston,MA,02134,Kindergarten 0,Kindergarten 1,Kindergarten 2,Grade 1,Grade 2,Grade 3,Grade 4,Grade 5,Grade 6,Grade 7,Grade 8,Grade 9,Grade 10,Grade 11,Grade 12
Boston Public Schools,"Hurley, Joseph K-8",70 Worcester St.,Boston,MA,02118,Kindergarten 1,Kindergarten 2,Grade 1,Grade 2,Grade 3,Grade 4,Grade 5,Grade 6,Grade 7,Grade 8
Boston Public Schools,"Irving, Washington Middle",105 Cummins Highway,Roslindale,MA,02131,Grade 6,Grade 7,Grade 8
Boston Public Schools,Jackson/Mann K-8,40 Armington St.,Allston,MA,02134,Kindergarten 0,Kindergarten 1,Kindergarten 2,Grade 1,Grade 2,Grade 3,Grade 4,Grade 5,Grade 6,Grade 7,Grade 8
Boston Public Schools,"Kennedy, Edward M. Academy for Health Careers, Fenway",110 The Fenway,Boston,MA,02115,Grade 11,Grade 12
Boston Public Schools,"Kennedy, Edward M. Academy for Health Careers, Fenwood Rd.",10 Fenwood Rd.,Boston,MA,02115,Grade 9,Grade 10
Boston Public Schools,"Kennedy, John F. Elementary",7 Bolster St.,Jamaica Plain,MA,02130,Kindergarten 1,Kindergarten 2,Grade 1,Grade 2,Grade 3,Grade 4,Grade 5
Boston Public Schools,"Kennedy, Patrick Elementary",343 Saratoga St.,East Boston,MA,02128,Kindergarten 1,Kindergarten 2,Grade 1,Grade 2,Grade 3,Grade 4,Grade 5
Boston Public Schools,"Kenny, Thomas J. Elementary",19 Oakton Ave.,Dorchester,MA,02122,Kindergarten 1,Kindergarten 2,Grade 1,Grade 2,Grade 3,Grade 4,Grade 5
Boston Public Schools,"Kilmer, Joyce K-8 Lower School",35 Baker St.,West Roxbury,MA,02132,Kindergarten 1,Kindergarten 2,Grade 1,Grade 2,Grade 3
Boston Public Schools,"Kilmer, Joyce K-8 Upper School",140 Russett Rd.,West Roxbury,MA,02132,Grade 4,Grade 5,Grade 6,Grade 7,Grade 8
Boston Public Schools,"King, Martin Luther, Jr. K-8",77 Lawrence Ave.,Dorchester,MA,02121,Kindergarten 1,Kindergarten 2,Grade 1,Grade 2,Grade 3,Grade 4,Grade 5,Grade 6,Grade 7,Grade 8
Boston Public Schools,Lee Academy Pilot School,25 Dunbar Ave.,Dorchester,MA,02124,Kindergarten 1,Kindergarten 2,Grade 1
Boston Public Schools,"Lee, Joseph K-8",155 Talbot Ave.,Dorchester,MA,02124,Kindergarten 1,Kindergarten 2,Grade 1,Grade 2,Grade 3,Grade 4,Grade 5,Grade 6,Grade 7,Grade 8
Boston Public Schools,"Lyndon, Patrick K-8",20 Mt. Vernon St.,West Roxbury,MA,02132,Kindergarten 1,Kindergarten 2,Grade 1,Grade 2,Grade 3,Grade 4,Grade 5,Grade 6,Grade 7,Grade 8
Boston Public Schools,"Lyon, Mary K-8",K-grade 6: 50 Beechcroft St.Grades 7-8: 95 Beechcroft St.,Brighton,MA,02135,Kindergarten 2,Grade 1,Grade 2,Grade 3,Grade 4,Grade 5,Grade 6,Grade 7,Grade 8
Boston Public Schools,"Lyon, Mary High School",95 Beechcroft St.,Brighton,MA,02135,Grade 9,Grade 10,Grade 11,Grade 12
Boston Public Schools,Madison Park Technical Vocational High School,75 Malcolm X Blvd.,Roxbury,MA,02120,Grade 9,Grade 10,Grade 11,Grade 12
Boston Public Schools,"Manning, Joseph P. Elementary",130 Louders Lane,Jamaica Plain,MA,02130,Kindergarten 1,Kindergarten 2,Grade 1,Grade 2,Grade 3,Grade 4,Grade 5
Boston Public Schools,"Mason, Samuel Elementary",150 Norfolk Ave.,Roxbury,MA,02119,Kindergarten 0,Kindergarten 1,Kindergarten 2,Grade 1,Grade 2,Grade 3,Grade 4,Grade 5
Boston Public Schools,Mather Elementary,24 Parish St.,Dorchester,MA,02122,Kindergarten 1,Kindergarten 2,Grade 1,Grade 2,Grade 3,Grade 4,Grade 5
Boston Public Schools,Mattahunt Elementary,100 Hebron St.,Mattapan,MA,02126,Kindergarten 1,Kindergarten 2,Grade 1,Grade 2,Grade 3,Grade 4,Grade 5
Boston Public Schools,"McCormack, John W. Middle",315 Mt. Vernon St.,Dorchester,MA,02125,Grade 6,Grade 7,Grade 8
Boston Public Schools,"McKay, Donald K-8",122 Cottage St.,East Boston,MA,02128,Kindergarten 2,Grade 1,Grade 2,Grade 3,Grade 4,Grade 5,Grade 6,Grade 7,Grade 8
Boston Public Schools,"McKinley, William Elementary",90 Warren Ave.,Boston,MA,02116,Kindergarten 1,Kindergarten 2,Grade 1,Grade 2,Grade 3,Grade 4,Grade 5
Boston Public Schools,"McKinley, William Middle",50 St. Mary St.,Boston,MA,02215,Grade 6,Grade 7,Grade 8
Boston Public Schools,"McKinley, William Preparatory High School",97 Peterborough St.,Boston,MA,02215,Grade 9,Grade 10,Grade 11,Grade 12
Boston Public Schools,"McKinley, William School",90 Warren Ave.,Boston,MA,02116,Kindergarten 1,Kindergarten 2,Grade 1,Grade 2,Grade 3,Grade 4,Grade 5,Grade 6,Grade 7,Grade 8,Grade 9,Grade 10,Grade 11,Grade 12
Boston Public Schools,"McKinley, William South End Academy",90 Warren Ave.,Boston,MA,02116,Grade 6,Grade 7,Grade 8,Grade 9,Grade 10,Grade 11,Grade 12
Boston Public Schools,"Mendell, Ellis Elementary",164 School St.,Roxbury,MA,02119,Kindergarten 1,Kindergarten 2,Grade 1,Grade 2,Grade 3,Grade 4,Grade 5
Boston Public Schools,Mildred Avenue K-8,5 Mildred Ave.,Mattapan,MA,02126,Kindergarten 1,Kindergarten 2,Grade 1,Grade 4,Grade 5,Grade 6,Grade 7,Grade 8
Boston Public Schools,Mission Hill K-8,20 Child St.,Jamaica Plain,MA,02130,Kindergarten 0,Kindergarten 1,Kindergarten 2,Grade 1,Grade 2,Grade 3,Grade 4,Grade 5,Grade 6,Grade 7,Grade 8
Boston Public Schools,"Mozart, Wolfgang A. Elementary",236 Beech St,Roslindale,MA, 2131,Kindergarten 1,Kindergarten 2,Grade 1,Grade 2,Grade 3,Grade 4,Grade 5
Boston Public Schools,"Muniz, Margarita Academy",20 Child St.,Jamaica Plain,MA,02130,Grade 9,Grade 10,Grade 11,Grade 12
Boston Public Schools,"Murphy, Richard J. K-8",1 Worrell St.,South Boston,MA,02122,Kindergarten 0,Kindergarten 1,Kindergarten 2,Grade 1,Grade 2,Grade 3,Grade 4,Grade 5,Grade 6,Grade 7,Grade 8
Boston Public Schools,New Mission High School,655 Metropolitan Ave.,Hyde Park,MA,02136,Grade 9,Grade 10,Grade 11,Grade 12
Boston Public Schools,"O'Bryant, John D. School of Mathematics & Science",55 Malcolm X Blvd.,Roxbury,MA,02120,Grade 7,Grade 8,Grade 9,Grade 10,Grade 11,Grade 12
Boston Public Schools,"O'Donnell, Hugh R. Elementary",33 Trenton St.,East Boston,MA,02128,Kindergarten 1,Kindergarten 2,Grade 1,Grade 2,Grade 3,Grade 4,Grade 5
Boston Public Schools,"Ohrenberger, William School",175 West Boundary Rd.,West Roxbury,MA,02132,Grade 3,Grade 4,Grade 5,Grade 6,Grade 7,Grade 8
Boston Public Schools,Orchard Gardens K-8,906 Albany St.,Roxbury,MA,02119,Kindergarten 1,Kindergarten 2,Grade 1,Grade 2,Grade 3,Grade 4,Grade 5,Grade 6,Grade 7,Grade 8
Boston Public Schools,"Otis, James Elementary",218 Marion St.,East Boston,MA,02128,Kindergarten 1,Kindergarten 2,Grade 1,Grade 2,Grade 3,Grade 4,Grade 5
Boston Public Schools,"Perkins, Michael J. Elementary",50 Rev. Burke St.,South Boston,MA,02127,Kindergarten 2,Grade 1,Grade 2,Grade 3,Grade 4,Grade 5
Boston Public Schools,"Perry, Oliver Hazard K-8",745 E. Seventh St.,South Boston,MA,02127,Kindergarten 1,Kindergarten 2,Grade 1,Grade 2,Grade 3,Grade 4,Grade 5,Grade 6,Grade 7,Grade 8
Boston Public Schools,"Philbrick, John D. Elementary",40 Philbrick St.,Roslindale,MA,02131,Kindergarten 1,Kindergarten 2,Grade 1,Grade 2,Grade 3,Grade 4,Grade 5
Boston Public Schools,"Quincy, Josiah Elementary",885 Washington St.,Boston,MA,02111,Kindergarten 0,Kindergarten 1,Kindergarten 2,Grade 1,Grade 2,Grade 3,Grade 4,Grade 5
Boston Public Schools,"Quincy, Josiah Upper School",152 Arlington St.,Boston,MA,02116,Grade 6,Grade 7,Grade 8,Grade 9,Grade 10,Grade 11,Grade 12
Boston Public Schools,"Roosevelt, Franklin D. K-8",95 Needham Rd.,Hyde Park,MA,02136,Kindergarten 1,Kindergarten 2,Grade 1,Grade 2,Grade 3,Grade 4,Grade 5,Grade 6,Grade 7,Grade 8
Boston Public Schools,"Russell, William E. Elementary",750 Columbia Rd.,Dorchester,MA,02125,Kindergarten 1,Kindergarten 2,Grade 1,Grade 2,Grade 3,Grade 4,Grade 5
Boston Public Schools,"Shaw, Pauline A. Elementary",429 Norfolk St.,Dorchester,MA,02124,Kindergarten 0,Kindergarten 1,Kindergarten 2,Grade 1
Boston Public Schools,Snowden International School at Copley,150 Newbury St.,Boston,MA,02116,Grade 9,Grade 10,Grade 11,Grade 12
Boston Public Schools,"Sumner, Charles Elementary",15 Basile St.,Roslindale,MA,02131,Kindergarten 1,Kindergarten 2,Grade 1,Grade 2,Grade 3,Grade 4,Grade 5
Boston Public Schools,"Taylor, Charles H. Elementary",1060 Morton St.,Mattapan,MA,02126,Kindergarten 1,Kindergarten 2,Grade 1,Grade 2,Grade 3,Grade 4,Grade 5
Boston Public Schools,TechBoston Academy,9 Peacevale Rd.,Dorchester,MA,02124,Grade 6,Grade 7,Grade 8,Grade 9,Grade 10,Grade 11,Grade 12
Boston Public Schools,"Timilty, James P. Middle",205 Roxbury St.,Roxbury,MA,02119,Grade 6,Grade 7,Grade 8
Boston Public Schools,"Tobin, Maurice K-8",40 Smith St.,Roxbury,MA,02120,Kindergarten 2,Grade 1,Grade 2,Grade 3,Grade 4,Grade 5,Grade 6,Grade 7,Grade 8
Boston Public Schools,"Trotter, William Monroe K-8",135 Humboldt Ave.,Dorchester,MA,02121,Kindergarten 0,Kindergarten 1,Kindergarten 2,Grade 1,Grade 2,Grade 3,Grade 4,Grade 5,Grade 6,Grade 7
Boston Public Schools,"Tynan, Joseph P. Elementary",650 E. Fourth St.,South Boston,MA,02127,Kindergarten 1,Kindergarten 2,Grade 1,Grade 2,Grade 3,Grade 4,Grade 5
Boston Public Schools,"Umana, Mario Academy",312 Border St.,East Boston,MA,02128,Kindergarten 2,Grade 1,Grade 2,Grade 3,Grade 4,Grade 5,Grade 6,Grade 7,Grade 8
Boston Public Schools,UP Academy Boston,215 Dorchester St.,South Boston,MA,02127,Grade 6,Grade 7,Grade 8
Boston Public Schools,UP Academy Dorchester,35 Westville St.,Dorchester,MA,02124,Kindergarten 1,Kindergarten 2,Grade 1,Grade 2,Grade 3,Grade 4,Grade 5
Boston Public Schools,UP Academy Holland,85 Olney St.,Dorchester,MA,02121,Kindergarten 1,Kindergarten 2,Grade 1,Grade 2,Grade 3,Grade 4,Grade 5
Boston Public Schools,Urban Science Academy,1205 VFW Pkwy.,West Roxbury,MA,02132,Grade 9,Grade 10,Grade 11,Grade 12
Boston Public Schools,Warren/Prescott K-8,50 School St.,Charlestown,MA,02129,Kindergarten 2,Grade 1,Grade 2,Grade 3,Grade 4,Grade 5,Grade 6,Grade 7,Grade 8
Boston Public Schools,West Roxbury Academy,1205 VFW Pkwy.,West Roxbury,MA,02132,Grade 9,Grade 10,Grade 11,Grade 12
Boston Public Schools,West Zone Early Learning Center,200 Heath St.,Jamaica Plain,MA,02130,Kindergarten 0,Kindergarten 1,Kindergarten 2,Grade 1
Boston Public Schools,"Winship, F. Lyman Elementary",54 Dighton St.,Brighton,MA,02135,Kindergarten 0,Kindergarten 1,Kindergarten 2,Grade 1,Grade 2,Grade 3,Grade 4,Grade 5
Boston Public Schools,"Winthrop, John Elementary",35 Brookford St.,Dorchester,MA,02125,Kindergarten 1,Kindergarten 2,Grade 1,Grade 2,Grade 3,Grade 4,Grade 5
Boston Public Schools,Young Achievers Science & Math K-8,20 Outlook Rd.,Mattapan,MA,02126,Kindergarten 1,Kindergarten 2,Grade 1,Grade 2,Grade 3,Grade 4,Grade 5,Grade 6,Grade 7,Grade 8
